Individuals,Log10 Depth Ratio
DAR_1,-0.010582066
NEN_003,-0.137765806
DIE_3,0.646537296
SVA_1,-0.459620601
JON_001,-0.011949114
LWA_10,-0.012897988
BRE_3,-0.060651622
FOR_1,-0.008325246
RYE_1,-0.008417616
CUM_1,-0.005746188
SCO_1,-0.005749202
ERS_1,0.035275082
FDE_3,-0.04797427
FRE_013,0.005058643
OSW,-0.007583448
TAT_5,0.021903523
ULR_4,0.086655395
